"incident_no","date","time","vehicle_type","role","location","Latitude","Longitude","city","injured","killed","year"
18100049,2018-01-01,11:05:00,"BICYCLE","BICYCLIST","N COAST HIGHWAY 101 & ATHENA STREET, ENCINITAS, CA 92024",33.0586093,-117.2995645,"ENCINITAS",1,0,2018
18100049,2018-01-01,11:05:00,"BICYCLE","DRIVER","N COAST HIGHWAY 101 & ATHENA STREET, ENCINITAS, CA 92024",33.0586093,-117.2995645,"ENCINITAS",1,0,2018
18101046,2018-01-06,10:36:00,"BICYCLE","BICYCLIST","CAM DEL MAR ( 00 BLOCK ) & SCL of Carmel Valley, DEL MAR, CA 92014",32.9594891,-117.2653146,"DEL MAR",1,0,2018
18102020,2018-01-11,17:30:00,"BICYCLE","BICYCLIST","CAMINO DEL MAR & CARMEL VALLEY ROAD, DEL MAR, CA 92014",32.9391967,-117.2583622,"DEL MAR",2,0,2018
18102020,2018-01-11,17:30:00,"BICYCLE","PEDESTRIAN","CAMINO DEL MAR & CARMEL VALLEY ROAD, DEL MAR, CA 92014",32.9391967,-117.2583622,"DEL MAR",2,0,2018
18102630,2018-01-15,14:37:00,"BICYCLE","DRIVER","N EL CAMINO REAL & SCL of Town Center, ENCINITAS, CA 92024",33.0622624,-117.2628209,"ENCINITAS",1,0,2018
NA,NA,NA,NA,NA,NA,NA,NA,NA,NA,NA,NA
18105651,2018-01-31,14:08:00,"BICYCLE","DRIVER","1701 CAMINO DEL MAR, DEL MAR, CA 92014",32.962827,-117.2651674,"DEL MAR",1,0,2018
NA,NA,NA,NA,NA,NA,NA,NA,NA,NA,NA,NA
NA,NA,NA,NA,NA,NA,NA,NA,NA,NA,NA,NA
18107704,2018-02-10,11:43:00,"BICYCLE","BICYCLIST","CAM DEL MAR ( 1500 BLOCK ) & NCL of Seaview, DEL MAR, CA 92014",32.9597001,-117.265404,"DEL MAR",2,0,2018
18107704,2018-02-10,11:43:00,"BICYCLE","DRIVER","CAM DEL MAR ( 1500 BLOCK ) & NCL of Seaview, DEL MAR, CA 92014",32.9597001,-117.265404,"DEL MAR",2,0,2018
18108425,2018-02-14,11:33:00,"BICYCLE","BICYCLIST","CHESTERFIELD DRIVE & S COAST HIGHWAY 101, ENCINITAS, CA 92024",33.0276995,-117.2875877,"ENCINITAS",1,0,2018
18108425,2018-02-14,11:33:00,"BICYCLE","DRIVER","CHESTERFIELD DRIVE & S COAST HIGHWAY 101, ENCINITAS, CA 92024",33.0276995,-117.2875877,"ENCINITAS",1,0,2018
NA,NA,NA,NA,NA,NA,NA,NA,NA,NA,NA,NA
NA,NA,NA,NA,NA,NA,NA,NA,NA,NA,NA,NA
NA,NA,NA,NA,NA,NA,NA,NA,NA,NA,NA,NA
NA,NA,NA,NA,NA,NA,NA,NA,NA,NA,NA,NA
NA,NA,NA,NA,NA,NA,NA,NA,NA,NA,NA,NA
NA,NA,NA,NA,NA,NA,NA,NA,NA,NA,NA,NA
NA,NA,NA,NA,NA,NA,NA,NA,NA,NA,NA,NA
NA,NA,NA,NA,NA,NA,NA,NA,NA,NA,NA,NA
18123336,2018-05-05,11:51:00,"BICYCLE","BICYCLIST","N EL CAMINO REAL & GARDEN VIEW ROAD, ENCINITAS, CA 92024",33.0584079,-117.2626296,"ENCINITAS",1,0,2018
18123336,2018-05-05,11:51:00,"BICYCLE","PASSENGER","N EL CAMINO REAL & GARDEN VIEW ROAD, ENCINITAS, CA 92024",33.0584079,-117.2626296,"ENCINITAS",1,0,2018
18123751,2018-05-07,05:38:00,"BICYCLE","BICYCLIST","CAMINO DEL MAR & Plaza, DEL MAR, CA 92014",32.96028,-117.26526,"DEL MAR",1,0,2018
18123751,2018-05-07,05:38:00,"BICYCLE","DRIVER","CAMINO DEL MAR & Plaza, DEL MAR, CA 92014",32.96028,-117.26526,"DEL MAR",1,0,2018
18123941,2018-05-07,11:00:00,"BICYCLE","DRIVER","570 STEVENS AVENUE, SOLANA BEACH, CA 92075",32.9895921,-117.2604203,"SOLANA BEACH",1,0,2018
18127368,2018-05-27,20:32:00,"BICYCLE","DRIVER","CALLE MAGDALENA & ENCINITAS BOULEVARD, ENCINITAS, CA 92024",33.0481179,-117.2845739,"ENCINITAS",1,0,2018
NA,NA,NA,NA,NA,NA,NA,NA,NA,NA,NA,NA
18130022,2018-06-11,08:50:00,"BICYCLE","BICYCLIST","N COAST HWY 101 & Encinitas, ENCINITAS, CA 92024",33.0487777,-117.2942462,"ENCINITAS",1,0,2018
NA,NA,NA,NA,NA,NA,NA,NA,NA,NA,NA,NA
NA,NA,NA,NA,NA,NA,NA,NA,NA,NA,NA,NA
18132129,2018-06-22,13:39:00,"BICYCLE","BICYCLIST","N COAST HIGHWAY 101 & BASIL STREET, ENCINITAS, CA 92024",33.066919,-117.3030246,"ENCINITAS",2,0,2018
18132129,2018-06-22,13:39:00,"BICYCLE","PEDESTRIAN","N COAST HIGHWAY 101 & BASIL STREET, ENCINITAS, CA 92024",33.066919,-117.3030246,"ENCINITAS",2,0,2018
18133416,2018-06-29,18:22:00,"BICYCLE","BICYCLIST","ENCINITAS BOULEVARD & LA VIA SAN JUAN, ENCINITAS, CA 92024",33.0453198,-117.2703776,"ENCINITAS",1,0,2018
18133520,2018-06-30,11:22:00,"BICYCLE","BICYCLIST","S COAST HIGHWAY 101 & K STREET, ENCINITAS, CA 92024",33.0276995,-117.2875877,"ENCINITAS",1,0,2018
NA,NA,NA,NA,NA,NA,NA,NA,NA,NA,NA,NA
18133520,2018-06-30,11:22:00,"BICYCLE","PASSENGER","S COAST HIGHWAY 101 & K STREET, ENCINITAS, CA 92024",33.0276995,-117.2875877,"ENCINITAS",1,0,2018
18134030,2018-07-03,12:49:00,"BICYCLE","BICYCLIST","N COAST HIGHWAY 101 & CADMUS STREET, ENCINITAS, CA 92024",33.0606429,-117.3008495,"ENCINITAS",1,0,2018
18134528,2018-07-05,15:00:00,"BICYCLE","DRIVER","2500 S 101 , ENCINITAS, CA 92007",33.0415724,-117.2935471,"ENCINITAS",1,0,2018
NA,NA,NA,NA,NA,NA,NA,NA,NA,NA,NA,NA
NA,NA,NA,NA,NA,NA,NA,NA,NA,NA,NA,NA
NA,NA,NA,NA,NA,NA,NA,NA,NA,NA,NA,NA
18137588,2018-07-23,11:17:00,"BICYCLE","DRIVER","S VULCAN AVENUE & E H STREET, ENCINITAS, CA 92024",33.0408525,-117.2919225,"ENCINITAS",1,0,2018
18138542,2018-07-28,11:15:00,"BICYCLE","BICYCLIST","CAMINO DEL MAR & North curbline Del Mar Heights, DEL MAR, CA 92014",32.94687,-117.26056,"DEL MAR",1,0,2018
18139862,2018-08-04,10:27:00,"BICYCLE","BICYCLIST","LA COSTA AVENUE & PIRAEUS STREET, ENCINITAS, CA 92024",33.084636,-117.2962711,"ENCINITAS",1,0,2018
18140183,2018-08-06,11:33:00,"BICYCLE","DRIVER","S COAST HIGHWAY 101 & NCL Chesterfield, ENCINITAS, CA 92024",33.0276995,-117.2875877,"ENCINITAS",1,0,2018
18140594,2018-08-08,13:03:00,"BICYCLE","DRIVER","CAMINO DEL MAR & BORDER AVENUE, DEL MAR, CA 92014",32.98024,-117.26918,"DEL MAR",1,0,2018
NA,NA,NA,NA,NA,NA,NA,NA,NA,NA,NA,NA
18140784,2018-08-09,13:59:00,"BICYCLE","DRIVER","VIA MONTORO & N EL CAMINO REAL, ENCINITAS, CA 92024",33.0529031,-117.2613062,"ENCINITAS",1,0,2018
NA,NA,NA,NA,NA,NA,NA,NA,NA,NA,NA,NA
NA,NA,NA,NA,NA,NA,NA,NA,NA,NA,NA,NA
NA,NA,NA,NA,NA,NA,NA,NA,NA,NA,NA,NA
18143070,2018-08-21,17:16:00,"BICYCLE","BICYCLIST","N COAST HIGHWAY 101 & A STREET, ENCINITAS, CA 92024",33.066919,-117.3030246,"ENCINITAS",1,0,2018
NA,NA,NA,NA,NA,NA,NA,NA,NA,NA,NA,NA
NA,NA,NA,NA,NA,NA,NA,NA,NA,NA,NA,NA
NA,NA,NA,NA,NA,NA,NA,NA,NA,NA,NA,NA
18150979,2018-10-01,07:53:00,"BICYCLE","DRIVER","SANTA FE DRIVE & ECL Balour, ENCINITAS, CA 92024",33.0362528,-117.2772177,"ENCINITAS",1,0,2018
18151615,2018-10-04,11:30:00,"BICYCLE","DRIVER","155 CARMEL VALLEY ROAD, DEL MAR, CA 92014",32.9393541,-117.2591379,"DEL MAR",1,0,2018
NA,NA,NA,NA,NA,NA,NA,NA,NA,NA,NA,NA
18154747,2018-10-22,08:58:00,"BICYCLE","BICYCLIST","MACKINNON AVENUE & BIRMINGHAM DRIVE, ENCINITAS, CA 92007",33.025761,-117.2773012,"ENCINITAS",1,0,2018
NA,NA,NA,NA,NA,NA,NA,NA,NA,NA,NA,NA
18156543,2018-10-31,18:23:00,"BICYCLE","DRIVER","BORDER AVENUE & S SIERRA AVENUE, DEL MAR, CA 92075",32.9802648,-117.2703945,"DEL MAR",1,0,2018
NA,NA,NA,NA,NA,NA,NA,NA,NA,NA,NA,NA
NA,NA,NA,NA,NA,NA,NA,NA,NA,NA,NA,NA
18156969,2018-11-02,15:34:00,"BICYCLE","DRIVER","2500 BLOCK S COAST HWY 101 , CARDIFF BY THE SEA, CA 92007",33.0136234,-117.2804137,"CARDIFF BY THE SEA",1,0,2018
NA,NA,NA,NA,NA,NA,NA,NA,NA,NA,NA,NA
18158640,2018-11-12,07:38:00,"BICYCLE","DRIVER","N VULCAN & NCL ( S Driveway 993 N Vulcan Ave. ), ENCINITAS, CA 92024",33.0665659,-117.301916,"ENCINITAS",1,0,2018
NA,NA,NA,NA,NA,NA,NA,NA,NA,NA,NA,NA
NA,NA,NA,NA,NA,NA,NA,NA,NA,NA,NA,NA
NA,NA,NA,NA,NA,NA,NA,NA,NA,NA,NA,NA
18159273,2018-11-15,15:30:00,"BICYCLE","DRIVER","0 S COAST HIGHWAY 101 , ENCINITAS, CA 92024",33.0487777,-117.2942462,"ENCINITAS",1,0,2018
18160185,2018-11-21,11:00:00,"BICYCLE","PASSENGER","ENCINITAS BOULEVARD & N Vulcan, ENCINITAS, CA 92024",33.0488188,-117.292971,"ENCINITAS",1,0,2018
18162051,2018-12-02,12:42:00,"BICYCLE","BICYCLIST","N HIGHWAY 101 & SOLANA VISTA DRIVE, SOLANA BEACH, CA 92075",32.9982844,-117.2739783,"SOLANA BEACH",1,0,2018
NA,NA,NA,NA,NA,NA,NA,NA,NA,NA,NA,NA
18163098,2018-12-08,06:00:00,"BICYCLE","PASSENGER","N COAST HIGHWAY 101 & PHOEBE STREET, ENCINITAS, CA 92024",33.0694055,-117.303974,"ENCINITAS",1,0,2018
18163923,2018-12-12,17:32:00,"BICYCLE","BICYCLIST","S EL CAMINO REAL & SANTA FE DRIVE, ENCINITAS, CA 92024",33.0385196,-117.2591733,"ENCINITAS",1,0,2018
18164071,2018-12-13,12:33:00,"BICYCLE","DRIVER","02ND STREET & W J STREET, ENCINITAS, CA 92024",33.0380679,-117.2932389,"ENCINITAS",1,0,2018
18164115,2018-12-13,15:16:00,"BICYCLE","BICYCLIST","MOUNTAIN VISTA DRIVE & VILLAGE PARK WAY, ENCINITAS, CA 92024",33.0529031,-117.2460383,"ENCINITAS",0,0,2018
19101377,2019-01-09,10:22:00,"BICYCLE","DRIVER","N COAST HWY 101 & Leucadia, ENCINITAS, CA 92024",33.0642343,-117.3022548,"ENCINITAS",1,0,2019
19101487,2019-01-09,18:30:00,"BICYCLE","BICYCLIST","BALOUR DRIVE & MELBA ROAD, ENCINITAS, CA 92024",33.0398326,-117.2684598,"ENCINITAS",0,0,2019
NA,NA,NA,NA,NA,NA,NA,NA,NA,NA,NA,NA
NA,NA,NA,NA,NA,NA,NA,NA,NA,NA,NA,NA
NA,NA,NA,NA,NA,NA,NA,NA,NA,NA,NA,NA
19107145,2019-02-11,13:08:00,"BICYCLE","BICYCLIST","S COAST HWY 101 & NCL Driveway ( 2526 S Coast Hwy 101 Seaside State Beach ), ENCINITAS, CA 92024",33.013482,-117.2803195,"ENCINITAS",1,0,2019
NA,NA,NA,NA,NA,NA,NA,NA,NA,NA,NA,NA
19109291,2019-02-23,16:49:00,"BICYCLE","DRIVER","S EL CAMINO REAL & MANCHESTER AVENUE, ENCINITAS, CA 92024",33.0217551,-117.2556198,"ENCINITAS",1,0,2019
19111152,2019-03-05,15:09:00,"BICYCLE","BICYCLIST","VILLAGE SQUARE DRIVE & ENCINITAS BOULEVARD, ENCINITAS, CA 92024",33.0458658,-117.2567028,"ENCINITAS",1,0,2019
19111936,2019-03-09,11:52:00,"BICYCLE","BICYCLIST","SAN ELIJO AVENUE & CHESTERFIELD DRIVE, ENCINITAS, CA 92007",33.0238266,-117.2841536,"ENCINITAS",1,0,2019
19112631,2019-03-13,11:02:00,"BICYCLE","BICYCLIST","2355 S 101 , ENCINITAS, CA 92007",33.0415724,-117.2935471,"ENCINITAS",1,0,2019
NA,NA,NA,NA,NA,NA,NA,NA,NA,NA,NA,NA
19114568,2019-03-23,08:09:00,"BICYCLE","BICYCLIST","S COAST HIGHWAY 101 & W J STREET, ENCINITAS, CA 92024",33.0381046,-117.2927676,"ENCINITAS",2,0,2019
19115599,2019-03-28,15:30:00,"BICYCLE","BICYCLIST","EVERGREEN DRIVE & MELBA ROAD, ENCINITAS, CA",33.0398458,-117.2771314,"ENCINITAS",1,0,2019
NA,NA,NA,NA,NA,NA,NA,NA,NA,NA,NA,NA
NA,NA,NA,NA,NA,NA,NA,NA,NA,NA,NA,NA
NA,NA,NA,NA,NA,NA,NA,NA,NA,NA,NA,NA
NA,NA,NA,NA,NA,NA,NA,NA,NA,NA,NA,NA
NA,NA,NA,NA,NA,NA,NA,NA,NA,NA,NA,NA
19118109,2019-04-10,17:10:00,"BICYCLE","DRIVER","LEUCADIA BOULEVARD & QUAIL GARDENS DRIVE, ENCINITAS, CA 92024",33.0652927,-117.2784453,"ENCINITAS",1,0,2019
NA,NA,NA,NA,NA,NA,NA,NA,NA,NA,NA,NA
19120077,2019-04-17,18:19:00,"BICYCLE","DRIVER","BORDER AVENUE & CAMINO DEL MAR, DEL MAR, CA 92014",32.98024,-117.26918,"DEL MAR",1,0,2019
NA,NA,NA,NA,NA,NA,NA,NA,NA,NA,NA,NA
NA,NA,NA,NA,NA,NA,NA,NA,NA,NA,NA,NA
NA,NA,NA,NA,NA,NA,NA,NA,NA,NA,NA,NA
NA,NA,NA,NA,NA,NA,NA,NA,NA,NA,NA,NA
NA,NA,NA,NA,NA,NA,NA,NA,NA,NA,NA,NA
19126948,2019-05-28,12:22:00,"BICYCLE","BICYCLIST","S CEDROS AVENUE & VIA DE LA VALLE, DEL MAR, CA",32.9802637,-117.2678022,"DEL MAR",1,0,2019
19129723,2019-06-12,09:28:00,"BICYCLE","BICYCLIST","MANCHESTER AVENUE & I-5 south bound off RAMP, CARDIFF BY THE SEA, CA 92007",33.0205153,-117.2729708,"CARDIFF BY THE SEA",1,0,2019
NA,NA,NA,NA,NA,NA,NA,NA,NA,NA,NA,NA
19131073,2019-06-19,12:21:00,"BICYCLE","BICYCLIST","QUAIL GARDENS DRIVE & ENCINITAS BOULEVARD, ENCINITAS, CA 92024",33.0474647,-117.2793464,"ENCINITAS",1,0,2019
19131281,2019-06-20,12:11:00,"BICYCLE","DRIVER","129 N EL CAMINO REAL, ENCINITAS, CA 92024",33.0483361,-117.2583342,"ENCINITAS",1,0,2019
19131281,2019-06-20,12:11:00,"BICYCLE","PASSENGER","129 N EL CAMINO REAL, ENCINITAS, CA 92024",33.0483361,-117.2583342,"ENCINITAS",1,0,2019
NA,NA,NA,NA,NA,NA,NA,NA,NA,NA,NA,NA
NA,NA,NA,NA,NA,NA,NA,NA,NA,NA,NA,NA
NA,NA,NA,NA,NA,NA,NA,NA,NA,NA,NA,NA
19133455,2019-07-02,12:20:00,"BICYCLE","BICYCLIST","CAMINO DEL MAR & CARMEL VALLEY ROAD, DEL MAR, CA 92014",32.9391967,-117.2583622,"DEL MAR",1,0,2019
19133455,2019-07-02,12:20:00,"BICYCLE","PASSENGER","CAMINO DEL MAR & CARMEL VALLEY ROAD, DEL MAR, CA 92014",32.9391967,-117.2583622,"DEL MAR",1,0,2019
19133807,2019-07-04,08:29:00,"BICYCLE","BICYCLIST","LA COSTA AVENUE & N Coast HIGHWAY, ENCINITAS, CA 92024",33.0853662,-117.2681637,"ENCINITAS",1,0,2019
19134296,2019-07-07,11:43:00,"BICYCLE","BICYCLIST","0 S COAST HWY 101 ( 2500 BLOCK ) , CARDIFF BY THE SEA, CA 92007",33.01613,-117.28101,"CARDIFF BY THE SEA",1,0,2019
19134296,2019-07-07,11:43:00,"BICYCLE","PARKED VEHICLE OCCUPANT","0 S COAST HWY 101 ( 2500 BLOCK ) , CARDIFF BY THE SEA, CA 92007",33.01613,-117.28101,"CARDIFF BY THE SEA",1,0,2019
19135249,2019-07-12,09:00:00,"BICYCLE","DRIVER","300 S HIGHWAY 101 , SOLANA BEACH, CA 92075",32.98882,-117.2709,"SOLANA BEACH",1,0,2019
19136783,2019-07-20,10:50:00,"BICYCLE","DRIVER","N COAST HIGHWAY 101 ( 1200 BLOCK ) & NCL of Phoebe STREET, ENCINITAS, CA 92024",33.06943,-117.304,"ENCINITAS",1,0,2019
19136783,2019-07-20,10:50:00,"BICYCLE","PARKED VEHICLE OCCUPANT","N COAST HIGHWAY 101 ( 1200 BLOCK ) & NCL of Phoebe STREET, ENCINITAS, CA 92024",33.06943,-117.304,"ENCINITAS",1,0,2019
19138168,2019-07-27,12:05:00,"BICYCLE","BICYCLIST","S HIGHWAY 101 & LOMAS SANTA FE DRIVE, SOLANA BEACH, CA 92075",32.9919,-117.27169,"SOLANA BEACH",1,0,2019
19138297,2019-07-28,08:40:00,"BICYCLE","DRIVER","S SIERRA AVE ( 800 BLOCK ) & Unable to determine location on S Sierra, SOLANA BEACH, CA 92075",32.98135,-117.27068,"SOLANA BEACH",1,0,2019
NA,NA,NA,NA,NA,NA,NA,NA,NA,NA,NA,NA
19140209,2019-08-07,11:13:00,"BICYCLE","DRIVER","N COAST HWY 101 & B STREET, ENCINITAS, CA 92024",33.04875,-117.29416,"ENCINITAS",1,0,2019
19141438,2019-08-13,17:05:00,"BICYCLE","BICYCLIST","S COAST HIGHWAY 101 & W H STREET, ENCINITAS, CA 92024",33.04071,-117.29314,"ENCINITAS",0,0,2019
NA,NA,NA,NA,NA,NA,NA,NA,NA,NA,NA,NA
NA,NA,NA,NA,NA,NA,NA,NA,NA,NA,NA,NA
19147118,2019-09-11,17:14:00,"BICYCLE","DRIVER","18TH STREET & COAST BOULEVARD, DEL MAR, CA 92014",32.96359,-117.26729,"DEL MAR",1,0,2019
19147118,2019-09-11,17:14:00,"BICYCLE","PASSENGER","18TH STREET & COAST BOULEVARD, DEL MAR, CA 92014",32.96359,-117.26729,"DEL MAR",1,0,2019
19147133,2019-09-11,18:57:00,"BICYCLE","BICYCLIST","LOMAS SANTA FE DRIVE & I-5 On RAMP, SOLANA BEACH, CA 92075",33.00056,-117.25749,"SOLANA BEACH",1,0,2019
19147674,2019-09-14,10:26:00,"BICYCLE","BICYCLIST","DEL MAR HEIGHTS ROAD ( 300 BLOCK ) & ECL Camino Del Mar, DEL MAR, CA 92014",32.94818,-117.26077,"DEL MAR",1,0,2019
19148194,2019-09-17,13:15:00,"BICYCLE","BICYCLIST","CAMINO DEL MAR & VIA DE LA VALLE, DEL MAR, CA 92014",32.98024,-117.26918,"DEL MAR",1,0,2019
19149762,2019-09-25,10:25:00,"BICYCLE","DRIVER","SAXONY ROAD & SAXONY LANE, ENCINITAS, CA 92024",33.05931,-117.28543,"ENCINITAS",1,0,2019
NA,NA,NA,NA,NA,NA,NA,NA,NA,NA,NA,NA
19150242,2019-09-27,15:50:00,"BICYCLE","BICYCLIST","CALLE MAGDALENA & ENCINITAS BOULEVARD, ENCINITAS, CA 92024",33.04816,-117.28462,"ENCINITAS",0,0,2019
19150242,2019-09-27,15:50:00,"BICYCLE","DRIVER","CALLE MAGDALENA & ENCINITAS BOULEVARD, ENCINITAS, CA 92024",33.04816,-117.28462,"ENCINITAS",0,0,2019
NA,NA,NA,NA,NA,NA,NA,NA,NA,NA,NA,NA
NA,NA,NA,NA,NA,NA,NA,NA,NA,NA,NA,NA
NA,NA,NA,NA,NA,NA,NA,NA,NA,NA,NA,NA
19152014,2019-10-06,17:10:00,"BICYCLE","DRIVER","DUBLIN DRIVE & SAN ELIJO AVENUE, ENCINITAS, CA 92007",33.01621,-117.27997,"ENCINITAS",1,0,2019
19152014,2019-10-06,17:10:00,"BICYCLE","PASSENGER","DUBLIN DRIVE & SAN ELIJO AVENUE, ENCINITAS, CA 92007",33.01621,-117.27997,"ENCINITAS",1,0,2019
19153052,2019-10-11,13:38:00,"BICYCLE","DRIVER","S EL CAMINO REAL & CREST DRIVE, ENCINITAS, CA 92024",33.04266,-117.25957,"ENCINITAS",1,0,2019
19153547,2019-10-14,13:43:00,"BICYCLE","BICYCLIST","ENCINITAS BOULEVARD & ECR of El Camino Real, ENCINITAS, CA 92024",33.04594,-117.25971,"ENCINITAS",1,0,2019
NA,NA,NA,NA,NA,NA,NA,NA,NA,NA,NA,NA
19154861,2019-10-21,16:32:00,"BICYCLE","BICYCLIST","200 BLOCK LEUCADIA BOULEVARD, ENCINITAS, CA 92024",33.06486,-117.29988,"ENCINITAS",1,0,2019
19159314,2019-11-14,13:55:00,"BICYCLE","DRIVER","N COAST HIGHWAY 101 & EUROPA STREET, ENCINITAS, CA 92024",33.06308,-117.30189,"ENCINITAS",1,0,2019
19159776,2019-11-17,10:42:00,"BICYCLE","BICYCLIST","1900 BLOCK N COAST HIGHWAY 101 , ENCINITAS, CA 92024",33.08071,-117.30776,"ENCINITAS",1,0,2019
19163265,2019-12-07,22:30:00,"BICYCLE","DRIVER","100 BLOCK VIA MORELLA , ENCINITAS, CA 92024",33.04797,-117.26637,"ENCINITAS",1,0,2019
19163265,2019-12-07,22:30:00,"BICYCLE","PASSENGER","100 BLOCK VIA MORELLA , ENCINITAS, CA 92024",33.04797,-117.26637,"ENCINITAS",1,0,2019
19163478,2019-12-09,11:19:00,"BICYCLE","BICYCLIST","1000 NEPTUNE AVENUE, ENCINITAS, CA 92024",33.06615,-117.30488,"ENCINITAS",2,0,2019
19163478,2019-12-09,11:19:00,"BICYCLE","PEDESTRIAN","1000 NEPTUNE AVENUE, ENCINITAS, CA 92024",33.06615,-117.30488,"ENCINITAS",2,0,2019
19165724,2019-12-21,12:02:00,"BICYCLE","BICYCLIST","CAMINO DEL MAR & 15TH STREET, DEL MAR, CA 92014",32.9596,-117.26534,"DEL MAR",1,0,2019
NA,NA,NA,NA,NA,NA,NA,NA,NA,NA,NA,NA
NA,NA,NA,NA,NA,NA,NA,NA,NA,NA,NA,NA
NA,NA,NA,NA,NA,NA,NA,NA,NA,NA,NA,NA
NA,NA,NA,NA,NA,NA,NA,NA,NA,NA,NA,NA
20105030,2020-01-28,13:24:00,"BICYCLE","BICYCLIST","S COAST HIGHWAY & Swami's Ped CROSS, ENCINITAS, CA 92024",33.04553,-117.2938,"ENCINITAS",1,0,2020
20109855,2020-02-23,09:10:00,"BICYCLE","BICYCLIST","S COAST HIGHWAY & Cornish DRIVE, ENCINITAS, CA 92024",33.04127,-117.29026,"ENCINITAS",1,0,2020
20110519,2020-02-26,18:25:00,"BICYCLE","DRIVER","ENCINITAS BOULEVARD & VILLAGE PARK WAY, ENCINITAS, CA 92024",33.04505,-117.24858,"ENCINITAS",1,0,2020
20111248,2020-03-02,09:00:00,"BICYCLE","BICYCLIST","500 BLOCK S EL CAMINO REAL , ENCINITAS, CA 92024",33.03827,-117.25904,"ENCINITAS",1,0,2020
20111919,2020-03-05,15:02:00,"BICYCLE","DRIVER","SANTA FE DRIVE & MACKINNON AVENUE, ENCINITAS, CA 92024",33.03626,-117.27722,"ENCINITAS",1,0,2020
NA,NA,NA,NA,NA,NA,NA,NA,NA,NA,NA,NA
NA,NA,NA,NA,NA,NA,NA,NA,NA,NA,NA,NA
20114360,2020-03-20,17:15:00,"BICYCLE","BICYCLIST","CAM DEL MAR & S of SCL Jimmy Durante, DEL MAR, CA 92014",32.97784,-117.2562,"DEL MAR",1,0,2020
20114776,2020-03-24,03:05:00,"BICYCLE","BICYCLIST","LA COSTA AVENUE & North Coast HIGHWAY, ENCINITAS, CA 92024",33.0551,-117.29726,"ENCINITAS",1,0,2020
20114829,2020-03-25,07:10:00,"BICYCLE","BICYCLIST","OXFORD AVENUE & CHESTERFIELD DRIVE, ENCINITAS, CA 92007",33.02118,-117.2782,"ENCINITAS",1,0,2020
NA,NA,NA,NA,NA,NA,NA,NA,NA,NA,NA,NA
20117128,2020-04-14,13:52:00,"BICYCLE","DRIVER","CAMINO DEL MAR & COAST BOULEVARD, DEL MAR, CA 92014",32.968,-117.26744,"DEL MAR",1,0,2020
20118060,2020-04-22,11:10:00,"BICYCLE","BICYCLIST","S COAST HIGHWAY & Intersection of Las Olas traffic LIGHT, CARDIFF BY THE SEA, CA 92007",38.89037,-77.03196,"CARDIFF BY THE SEA",1,0,2020
20118215,2020-04-23,13:26:00,"BICYCLE","BICYCLIST","2000 AVENIDA LA POSTA , ENCINITAS, CA 92024",33.06078,-117.24276,"ENCINITAS",1,0,2020
20118918,2020-04-29,09:20:00,"BICYCLE","BICYCLIST","2500 S COAST HIGHWAY #101, ENCINITAS, CA 92024",33.01613,-117.28101,"ENCINITAS",1,0,2020
NA,NA,NA,NA,NA,NA,NA,NA,NA,NA,NA,NA
20119456,2020-05-03,09:32:00,"BICYCLE","DRIVER","N COAST HIGHWAY & Leucadia BOULEVARD, ENCINITAS, CA 92024",33.06511,-117.29274,"ENCINITAS",1,0,2020
NA,NA,NA,NA,NA,NA,NA,NA,NA,NA,NA,NA
20121234,2020-05-16,14:45:00,"BICYCLE","DRIVER","I5 SB Onramp & LOMAS SANTA FE DRIVE, SOLANA BEACH, CA 92075",32.99192,-117.27108,"SOLANA BEACH",1,0,2020
NA,NA,NA,NA,NA,NA,NA,NA,NA,NA,NA,NA
20124999,2020-06-13,11:21:00,"BICYCLE","BICYCLIST","N RANCHO SANTA FE ROAD & NCL of Calle Santa Catalina, ENCINITAS, CA 92024",33.05402,-117.23253,"ENCINITAS",1,0,2020
20124999,2020-06-13,11:21:00,"BICYCLE","PARKED VEHICLE OCCUPANT","N RANCHO SANTA FE ROAD & NCL of Calle Santa Catalina, ENCINITAS, CA 92024",33.05402,-117.23253,"ENCINITAS",1,0,2020
20125016,2020-06-13,14:20:00,"BICYCLE","BICYCLIST","3200 CAMINO DEL MAR , DEL MAR, CA 92014",32.97748,-117.26931,"DEL MAR",1,0,2020
20125097,2020-06-14,09:02:00,"BICYCLE","DRIVER","WINDSOR ROAD & VILLA CARDIFF DRIVE, ENCINITAS, CA 92024",33.02906,-117.27589,"ENCINITAS",1,0,2020
20125097,2020-06-14,09:02:00,"BICYCLE","PASSENGER","WINDSOR ROAD & VILLA CARDIFF DRIVE, ENCINITAS, CA 92024",33.02906,-117.27589,"ENCINITAS",1,0,2020
NA,NA,NA,NA,NA,NA,NA,NA,NA,NA,NA,NA
20126796,2020-06-26,12:12:00,"BICYCLE","BICYCLIST","N EL CAMINO REAL & VIA MONTORO, ENCINITAS, CA 92024",33.0529,-117.26133,"ENCINITAS",1,0,2020
NA,NA,NA,NA,NA,NA,NA,NA,NA,NA,NA,NA
20127673,2020-07-02,10:55:00,"BICYCLE","DRIVER","N COAST HIGHWAY & Marcheta, ENCINITAS, CA 92024",33.0551,-117.29726,"ENCINITAS",1,0,2020
20127872,2020-07-03,20:40:00,"BICYCLE","DRIVER","S COAST HIGHWAY & Ocean STREET, CARDIFF BY THE SEA, CA 92007",33.03198,-117.28773,"CARDIFF BY THE SEA",1,0,2020
20127872,2020-07-03,20:40:00,"BICYCLE","PASSENGER","S COAST HIGHWAY & Ocean STREET, CARDIFF BY THE SEA, CA 92007",33.03198,-117.28773,"CARDIFF BY THE SEA",1,0,2020
20130955,2020-07-24,14:04:00,"BICYCLE","DRIVER","ECL of NB Interstate 5 on-ramp & LA COSTA AVENUE, ENCINITAS, CA 92024",33.08089,-117.29686,"ENCINITAS",1,0,2020
20131639,2020-07-29,12:00:00,"BICYCLE","BICYCLIST","N COAST HIGHWAY & La Costa, ENCINITAS, CA 92024",33.08712,-117.29075,"ENCINITAS",1,0,2020
20131922,2020-07-31,07:00:00,"BICYCLE","BICYCLIST","S EL CAMINO REAL & ENCINITAS BOULEVARD, ENCINITAS, CA 92024",33.04594,-117.25971,"ENCINITAS",1,0,2020
20133798,2020-08-12,09:50:00,"BICYCLE","BICYCLIST","LOMAS SANTA FE DRIVE & CAMINO DE LAS VILLAS, SOLANA BEACH, CA 92075",32.996,-117.24743,"SOLANA BEACH",1,0,2020
NA,NA,NA,NA,NA,NA,NA,NA,NA,NA,NA,NA
20135422,2020-08-22,11:00:00,"BICYCLE","DRIVER","S COAST HIGHWAY & E STREET, ENCINITAS, CA 92024",33.04449,-117.29534,"ENCINITAS",1,0,2020
20136180,2020-08-26,10:30:00,"BICYCLE","BICYCLIST","LOMAS SANTA FE DRIVE & SOLANA HILLS DRIVE, SOLANA BEACH, CA 92075",32.996,-117.25912,"SOLANA BEACH",1,0,2020
20137452,2020-09-04,12:25:00,"BICYCLE","BICYCLIST","S COAST HIGHWAY & Cardiff State BEACH, CARDIFF BY THE SEA, CA 92007",33.01549,-117.28072,"CARDIFF BY THE SEA",1,0,2020
20137590,2020-09-05,12:40:00,"BICYCLE","DRIVER","N COAST HIGHWAY & NCL of Leucadia BOULEVARD, ENCINITAS, CA 92024",33.06511,-117.29274,"ENCINITAS",1,0,2020
20137590,2020-09-05,12:40:00,"BICYCLE","PASSENGER","N COAST HIGHWAY & NCL of Leucadia BOULEVARD, ENCINITAS, CA 92024",33.06511,-117.29274,"ENCINITAS",1,0,2020
20137621,2020-09-05,17:55:00,"BICYCLE","BICYCLIST","CAMINO DEL MAR & VIA DE LA VALLE, DEL MAR, CA 92014",32.98024,-117.26918,"DEL MAR",2,0,2020
20137621,2020-09-05,17:55:00,"BICYCLE","DRIVER","CAMINO DEL MAR & VIA DE LA VALLE, DEL MAR, CA 92014",32.98024,-117.26918,"DEL MAR",2,0,2020
20137621,2020-09-05,17:55:00,"BICYCLE","PASSENGER","CAMINO DEL MAR & VIA DE LA VALLE, DEL MAR, CA 92014",32.98024,-117.26918,"DEL MAR",2,0,2020
20141820,2020-09-19,00:15:00,"BICYCLE","BICYCLIST","N COAST HIGHWAY 101 & NOT INVESTIGATED, ENCINITAS, CA 92024",33.05119,-117.29468,"ENCINITAS",1,0,2020
20139875,2020-09-20,16:21:00,"BICYCLE","BICYCLIST","02ND STREET & W J STREET, ENCINITAS, CA 92024",33.03823,-117.29142,"ENCINITAS",1,0,2020
NA,NA,NA,NA,NA,NA,NA,NA,NA,NA,NA,NA
20141809,2020-10-03,09:38:00,"BICYCLE","BICYCLIST","CAM DEL MAR & NCL of 14th STREET, DEL MAR, CA 92014",32.94841,-117.25992,"DEL MAR",1,0,2020
20141809,2020-10-03,09:38:00,"BICYCLE","PASSENGER","CAM DEL MAR & NCL of 14th STREET, DEL MAR, CA 92014",32.94841,-117.25992,"DEL MAR",1,0,2020
NA,NA,NA,NA,NA,NA,NA,NA,NA,NA,NA,NA
NA,NA,NA,NA,NA,NA,NA,NA,NA,NA,NA,NA
NA,NA,NA,NA,NA,NA,NA,NA,NA,NA,NA,NA
NA,NA,NA,NA,NA,NA,NA,NA,NA,NA,NA,NA
NA,NA,NA,NA,NA,NA,NA,NA,NA,NA,NA,NA
NA,NA,NA,NA,NA,NA,NA,NA,NA,NA,NA,NA
NA,NA,NA,NA,NA,NA,NA,NA,NA,NA,NA,NA
NA,NA,NA,NA,NA,NA,NA,NA,NA,NA,NA,NA
20148088,2020-11-12,17:17:00,"BICYCLE","DRIVER","S COAST HIGHWAY & Ocean STREET, CARDIFF BY THE SEA, CA 92007",33.03198,-117.28773,"CARDIFF BY THE SEA",1,0,2020
20148130,2020-11-12,22:51:00,"BICYCLE","BICYCLIST","S COAST HIGHWAY & W E STREET, ENCINITAS, CA 92024",33.04449,-117.29534,"ENCINITAS",1,0,2020
20149114,2020-11-19,09:01:00,"BICYCLE","DRIVER","ENCINITAS BOULEVARD & SAXONY ROAD, ENCINITAS, CA 92024",33.04825,-117.28554,"ENCINITAS",1,0,2020
20150420,2020-11-28,11:49:00,"BICYCLE","DRIVER","LEUCADIA BOULEVARD & MOONSTONE COURT, ENCINITAS, CA 92024",33.06516,-117.28774,"ENCINITAS",0,1,2020
20150728,2020-11-30,15:45:00,"BICYCLE","DRIVER","GLEN ARBOR DRIVE & ANACONDA LANE, ENCINITAS, CA 92024",33.04445,-117.24274,"ENCINITAS",1,0,2020
20151439,2020-12-05,09:54:00,"BICYCLE","BICYCLIST","N COAST HIGHWAY & Basil STREET, ENCINITAS, CA 92024",33.05954,-117.30126,"ENCINITAS",2,0,2020
20151439,2020-12-05,09:54:00,"BICYCLE","PEDESTRIAN","N COAST HIGHWAY & Basil STREET, ENCINITAS, CA 92024",33.05954,-117.30126,"ENCINITAS",2,0,2020
NA,NA,NA,NA,NA,NA,NA,NA,NA,NA,NA,NA
20154396,2020-12-18,14:30:00,"BICYCLE","DRIVER","LOMAS SANTA FE & Santa Helena, SOLANA BEACH, CA 92075",32.99578,-117.25511,"SOLANA BEACH",1,0,2020
20154530,2020-12-27,11:20:00,"BICYCLE","DRIVER","S COAST HIGHWAY & E STREET, ENCINITAS, CA 92024",33.04449,-117.29534,"ENCINITAS",1,0,2020
21102176,2021-01-15,15:21:00,"BICYCLE","DRIVER","LA COSTA AVENUE & LA COSTA AVENUE, ENCINITAS, CA 92024",33.08466,-117.29643,"ENCINITAS",1,0,2021
21105040,2021-02-03,14:35:00,"BICYCLE","DRIVER","N COAST HIGHWAY & South curb line, ENCINITAS, CA 92024",33.04553,-117.2938,"ENCINITAS",1,0,2021
NA,NA,NA,NA,NA,NA,NA,NA,NA,NA,NA,NA
NA,NA,NA,NA,NA,NA,NA,NA,NA,NA,NA,NA
21106523,2021-02-13,10:23:00,"BICYCLE","DRIVER","N COAST HIGHWAY & ECL of B STREET, ENCINITAS, CA 92024",33.04861,-117.29564,"ENCINITAS",1,0,2021
21106682,2021-02-14,14:02:00,"BICYCLE","DRIVER","CAMINO DEL MAR & SANDY LANE, DEL MAR, CA 92014",32.97337,-117.26874,"DEL MAR",0,0,2021
21106682,2021-02-14,14:02:00,"BICYCLE","PASSENGER","CAMINO DEL MAR & SANDY LANE, DEL MAR, CA 92014",32.97337,-117.26874,"DEL MAR",0,0,2021
21106700,2021-02-14,15:09:00,"BICYCLE","DRIVER","CAMINO DEL MAR & 11TH STREET, DEL MAR, CA 92014",32.95538,-117.2638,"DEL MAR",0,0,2021
21106700,2021-02-14,15:09:00,"BICYCLE","PASSENGER","CAMINO DEL MAR & 11TH STREET, DEL MAR, CA 92014",32.95538,-117.2638,"DEL MAR",0,0,2021
NA,NA,NA,NA,NA,NA,NA,NA,NA,NA,NA,NA
21108600,2021-02-27,14:04:00,"BICYCLE","BICYCLIST","CAMINO DEL MAR & 13TH STREET, DEL MAR, CA 92014",32.95749,-117.26461,"DEL MAR",1,0,2021
NA,NA,NA,NA,NA,NA,NA,NA,NA,NA,NA,NA
NA,NA,NA,NA,NA,NA,NA,NA,NA,NA,NA,NA
NA,NA,NA,NA,NA,NA,NA,NA,NA,NA,NA,NA
21111157,2021-03-16,14:08:00,"BICYCLE","BICYCLIST","E STREET & S Coast Highway, ENCINITAS, CA 92024",33.04482,-117.29194,"ENCINITAS",1,0,2021
NA,NA,NA,NA,NA,NA,NA,NA,NA,NA,NA,NA
NA,NA,NA,NA,NA,NA,NA,NA,NA,NA,NA,NA
21112859,2021-03-27,22:39:00,"BICYCLE","BICYCLIST","of the NCL of B STREET & THIRD STREET, ENCINITAS, CA 92024",33.04857,-117.29613,"ENCINITAS",1,0,2021
NA,NA,NA,NA,NA,NA,NA,NA,NA,NA,NA,NA
NA,NA,NA,NA,NA,NA,NA,NA,NA,NA,NA,NA
NA,NA,NA,NA,NA,NA,NA,NA,NA,NA,NA,NA
21113941,2021-04-04,18:38:00,"BICYCLE","BICYCLIST","LEUCADIA BOULEVARD & PIRAEUS STREET, ENCINITAS, CA 92024",33.06511,-117.2913,"ENCINITAS",1,0,2021
21114635,2021-04-08,17:26:00,"BICYCLE","DRIVER","LOMAS SANTA FE DRIVE & SOLANA HILLS DRIVE, SOLANA BEACH, CA 92075",32.996,-117.25912,"SOLANA BEACH",1,0,2021
21115036,2021-04-11,11:55:00,"BICYCLE","BICYCLIST","N COAST HIGHWAY & Avocado STREET, ENCINITAS, CA 92024",33.07503,-117.30729,"ENCINITAS",0,0,2021
NA,NA,NA,NA,NA,NA,NA,NA,NA,NA,NA,NA
21117020,2021-04-24,11:52:00,"BICYCLE","BICYCLIST","S COAST HIGHWAY & W J STREET, ENCINITAS, CA 92024",33.03802,-117.29373,"ENCINITAS",1,0,2021
21117160,2021-04-25,12:37:00,"BICYCLE","BICYCLIST","SKYROS WAY & CAUDOR STREET, ENCINITAS, CA 92024",33.07207,-117.29296,"ENCINITAS",1,0,2021
21118021,2021-04-30,13:44:00,"BICYCLE","DRIVER","EVERGREEN DRIVE & MELBA ROAD, ENCINITAS, CA 92024",33.03983,-117.27064,"ENCINITAS",1,0,2021
NA,NA,NA,NA,NA,NA,NA,NA,NA,NA,NA,NA
21119301,2021-05-08,10:03:00,"BICYCLE","DRIVER","LOMAS SANTA FE DRIVE & SB INTERSTATE 5 ON RAMP, SOLANA BEACH, CA 92075",32.99192,-117.27108,"SOLANA BEACH",1,0,2021
21120610,2021-05-16,11:52:00,"BICYCLE","DRIVER","CAM DEL MAR & NCL 15th STREET, DEL MAR, CA 92014",32.95953,-117.26559,"DEL MAR",1,0,2021
NA,NA,NA,NA,NA,NA,NA,NA,NA,NA,NA,NA
21122378,2021-05-26,14:18:00,"BICYCLE","BICYCLIST","BONITA DRIVE & SANTA FE DRIVE, ENCINITAS, CA 92024",33.03629,-117.27288,"ENCINITAS",1,0,2021
NA,NA,NA,NA,NA,NA,NA,NA,NA,NA,NA,NA
21124036,2021-06-05,12:36:00,"BICYCLE","BICYCLIST","N COAST HIGHWAY & Leucadia BOULEVARD, ENCINITAS, CA 92024",33.06511,-117.29274,"ENCINITAS",1,0,2021
21124539,2021-06-08,16:20:00,"BICYCLE","DRIVER","N EL CAMINO REAL & MOUNTAIN VISTA DRIVE, ENCINITAS, CA 92024",33.0518,-117.26096,"ENCINITAS",0,0,2021
21124539,2021-06-08,16:20:00,"BICYCLE","PASSENGER","N EL CAMINO REAL & MOUNTAIN VISTA DRIVE, ENCINITAS, CA 92024",33.0518,-117.26096,"ENCINITAS",0,0,2021
NA,NA,NA,NA,NA,NA,NA,NA,NA,NA,NA,NA
NA,NA,NA,NA,NA,NA,NA,NA,NA,NA,NA,NA
21126771,2021-06-22,10:33:00,"BICYCLE","BICYCLIST","S HIGHWAY 101 200 BLOCK & SCL, SOLANA BEACH, CA 92075",32.99033,-117.27124,"SOLANA BEACH",0,1,2021
NA,NA,NA,NA,NA,NA,NA,NA,NA,NA,NA,NA
NA,NA,NA,NA,NA,NA,NA,NA,NA,NA,NA,NA
21128952,2021-07-06,10:43:00,"BICYCLE","DRIVER","03RD STREET & W H STREET, ENCINITAS, CA 92024",33.04056,-117.29457,"ENCINITAS",1,0,2021
21128952,2021-07-06,10:43:00,"BICYCLE","PASSENGER","03RD STREET & W H STREET, ENCINITAS, CA 92024",33.04056,-117.29457,"ENCINITAS",1,0,2021
NA,NA,NA,NA,NA,NA,NA,NA,NA,NA,NA,NA
21129618,2021-07-10,14:20:00,"BICYCLE","BICYCLIST","LOMAS SANTA FE DRIVE & Stephens AVENUE, SOLANA BEACH, CA 92075",32.99578,-117.25511,"SOLANA BEACH",1,0,2021
21130020,2021-07-13,11:12:00,"BICYCLE","BICYCLIST","S COAST HIGHWAY & Cardiff State Beach Entrance, CARDIFF BY THE SEA, CA 92007",33.01549,-117.28072,"CARDIFF BY THE SEA",1,0,2021
NA,NA,NA,NA,NA,NA,NA,NA,NA,NA,NA,NA
21131775,2021-07-24,07:55:00,"BICYCLE","DRIVER","S COAST HIGHWAY 101 & SCL of K STREET, ENCINITAS, CA 92024",33.03684,-117.29234,"ENCINITAS",1,0,2021
21131959,2021-07-25,12:56:00,"BICYCLE","DRIVER","ENCINITAS BOULEVARD & BEECHTREE DRIVE, ENCINITAS, CA 92024",33.04604,-117.26243,"ENCINITAS",1,0,2021
NA,NA,NA,NA,NA,NA,NA,NA,NA,NA,NA,NA
21132807,2021-07-30,18:39:00,"BICYCLE","BICYCLIST","02ND STREET & W G STREET, ENCINITAS, CA 92024",33.04215,-117.29195,"ENCINITAS",1,0,2021
21132925,2021-07-31,15:13:00,"BICYCLE","BICYCLIST","ENCINITAS BOULEVARD & ECL of Best Western Private DRIVEWAY, ENCINITAS, CA 92024",33.04852,-117.29206,"ENCINITAS",1,0,2021
21135392,2021-08-16,17:40:00,"BICYCLE","BICYCLIST","LEUCADIA BOULEVARD & URANIA AVENUE, ENCINITAS, CA 92024",33.06519,-117.28933,"ENCINITAS",1,0,2021
21135707,2021-08-18,19:25:00,"BICYCLE","BICYCLIST","N VULCAN AVENUE & NCL of E D STREET, ENCINITAS, CA 92024",33.04477,-117.29244,"ENCINITAS",1,0,2021
21135995,2021-08-20,15:28:00,"BICYCLE","DRIVER","SANTA FE DRIVE & STRATFORD DRIVE, ENCINITAS, CA 92024",33.03621,-117.28705,"ENCINITAS",1,0,2021
21136926,2021-08-26,17:53:00,"BICYCLE","DRIVER","COAST BOULEVARD & 18TH STREET, DEL MAR, CA 92014",32.96359,-117.26729,"DEL MAR",0,0,2021
21137066,2021-08-27,16:51:00,"BICYCLE","BICYCLIST","PIRAEUS STREET & SPARTA DRIVE, ENCINITAS, CA 92024",33.07024,-117.29328,"ENCINITAS",1,0,2021
NA,NA,NA,NA,NA,NA,NA,NA,NA,NA,NA,NA
NA,NA,NA,NA,NA,NA,NA,NA,NA,NA,NA,NA
21138055,2021-09-03,08:15:00,"BICYCLE","BICYCLIST","ROSEBAY DRIVE & TEABERRY STREET, ENCINITAS, CA 92024",33.04962,-117.27371,"ENCINITAS",1,0,2021
NA,NA,NA,NA,NA,NA,NA,NA,NA,NA,NA,NA
21138306,2021-09-04,15:55:00,"BICYCLE","DRIVER","CAMINO DEL MAR & 14TH STREET, DEL MAR, CA 92014",32.95858,-117.26492,"DEL MAR",1,0,2021
21138568,2021-09-06,20:10:00,"BICYCLE","BICYCLIST","ENCINITAS BOULEVARD & VIA CANTEBRIA, ENCINITAS, CA 92024",33.04615,-117.26687,"ENCINITAS",1,0,2021
21140414,2021-09-18,11:23:00,"BICYCLE","BICYCLIST","ENCINITAS BOULEVARD & VIA CANTEBRIA, ENCINITAS, CA 92024",33.04615,-117.26687,"ENCINITAS",1,0,2021
NA,NA,NA,NA,NA,NA,NA,NA,NA,NA,NA,NA
NA,NA,NA,NA,NA,NA,NA,NA,NA,NA,NA,NA
21141070,2021-09-22,08:10:00,"BICYCLE","BICYCLIST","BALOUR DRIVE & OAKCREST PARK DRIVE, ENCINITAS, CA 92024",33.04388,-117.26842,"ENCINITAS",1,0,2021
NA,NA,NA,NA,NA,NA,NA,NA,NA,NA,NA,NA
21141659,2021-09-25,15:35:00,"BICYCLE","BICYCLIST","ENCINITAS BOULEVARD & WCL Seeman DRIVE, ENCINITAS, CA 92024",33.04529,-117.26938,"ENCINITAS",1,0,2021
21142567,2021-10-01,10:29:00,"BICYCLE","BICYCLIST","ENCINITAS BOULEVARD & TURNER AVENUE, ENCINITAS, CA 92024",33.04575,-117.255,"ENCINITAS",1,0,2021
21142758,2021-10-02,13:50:00,"BICYCLE","BICYCLIST","LAKE DRIVE & SEA VILLAGE PLACE, ENCINITAS, CA 92007",33.02132,-117.26654,"ENCINITAS",2,0,2021
21142758,2021-10-02,13:50:00,"BICYCLE","PASSENGER","LAKE DRIVE & SEA VILLAGE PLACE, ENCINITAS, CA 92007",33.02132,-117.26654,"ENCINITAS",2,0,2021
21143215,2021-10-05,11:44:00,"BICYCLE","BICYCLIST","W B STREET & 03RD STREET, ENCINITAS, CA 92024",33.04875,-117.29416,"ENCINITAS",1,0,2021
21143269,2021-10-05,16:06:00,"BICYCLE","PASSENGER","0 S COAST HIGHWAY 101 2600 BLOCK , CARDIFF BY THE SEA, CA 92007",33.01218,-117.27949,"CARDIFF BY THE SEA",4,0,2021
21143951,2021-10-09,13:45:00,"BICYCLE","BICYCLIST","S COAST HIGHWAY & Cardiff State BEACH, CARDIFF BY THE SEA, CA 92007",33.01549,-117.28072,"CARDIFF BY THE SEA",1,0,2021
21144334,2021-10-12,07:39:00,"BICYCLE","DRIVER","BONITA DRIVE & SANTA FE DRIVE, ENCINITAS, CA 92024",33.03629,-117.27288,"ENCINITAS",1,0,2021
21145182,2021-10-17,11:44:00,"BICYCLE","BICYCLIST","S COAST HIGHWAY & W K STREET, ENCINITAS, CA 92024",33.03675,-117.29327,"ENCINITAS",2,0,2021
NA,NA,NA,NA,NA,NA,NA,NA,NA,NA,NA,NA
21147085,2021-10-29,13:04:00,"BICYCLE","BICYCLIST","S EL CAMINO REAL & ENCINITAS BOULEVARD, ENCINITAS, CA 92024",33.04594,-117.25971,"ENCINITAS",1,0,2021
NA,NA,NA,NA,NA,NA,NA,NA,NA,NA,NA,NA
21147954,2021-11-04,07:40:00,"BICYCLE","BICYCLIST","WESTLAKE STREET & REQUEZA STREET, ENCINITAS, CA 92024",33.04342,-117.27965,"ENCINITAS",0,0,2021
NA,NA,NA,NA,NA,NA,NA,NA,NA,NA,NA,NA
21151924,2021-11-29,17:53:00,"BICYCLE","BICYCLIST","VIA CANTEBRIA & GARDEN VIEW ROAD, ENCINITAS, CA 92024",33.06024,-117.26601,"ENCINITAS",2,0,2021
21151924,2021-11-29,17:53:00,"BICYCLE","PASSENGER","VIA CANTEBRIA & GARDEN VIEW ROAD, ENCINITAS, CA 92024",33.06024,-117.26601,"ENCINITAS",2,0,2021
NA,NA,NA,NA,NA,NA,NA,NA,NA,NA,NA,NA
21152482,2021-12-02,19:45:00,"BICYCLE","BICYCLIST","CALLE MAGDALENA & ENCINITAS BOULEVARD, ENCINITAS, CA 92024",33.04816,-117.28462,"ENCINITAS",2,0,2021
NA,NA,NA,NA,NA,NA,NA,NA,NA,NA,NA,NA
NA,NA,NA,NA,NA,NA,NA,NA,NA,NA,NA,NA
21154481,2021-12-15,10:27:00,"BICYCLE","DRIVER","LIVERPOOL DRIVE & MONTGOMERY AVENUE, ENCINITAS, CA 92007",33.02236,-117.27995,"ENCINITAS",0,0,2021
21155013,2021-12-18,14:53:00,"BICYCLE","BICYCLIST","0 GASCONY RD 1600 BLOCK , ENCINITAS, CA 92024",33.07841,-117.2881,"ENCINITAS",1,0,2021
21155688,2021-12-23,11:29:00,"BICYCLE","BICYCLIST","SANTA HELENA & SANTA ROSITA, SOLANA BEACH, CA 92024",32.99973,-117.25467,"SOLANA BEACH",1,0,2021
22100189,2022-01-02,15:33:00,"BICYCLE","DRIVER","E D STREET & S VULCAN AVENUE, ENCINITAS, CA 92024",33.0461,-117.29262,"ENCINITAS",1,0,2022
22102032,2022-01-14,17:06:00,"BICYCLE","BICYCLIST","2800 S COAST HIGHWAY#101, ENCINITAS, CA 92024",33.04189,-117.2933,"ENCINITAS",1,0,2022
22102427,2022-01-17,15:56:00,"BICYCLE","BICYCLIST","BIRMINGHAM DRIVE & NEWCASTLE AVENUE, ENCINITAS, CA 92007",33.02315,-117.28254,"ENCINITAS",1,0,2022
NA,NA,NA,NA,NA,NA,NA,NA,NA,NA,NA,NA
22103104,2022-01-21,20:23:00,"BICYCLE","DRIVER","ENCINITAS BOULEVARD & Driveway to 136 Encinitas BOULEVARD, ENCINITAS, CA 92024",33.04867,-117.28994,"ENCINITAS",0,0,2022
22103398,2022-01-24,07:24:00,"BICYCLE","BICYCLIST","BIRMINGHAM DRIVE & MACKINNON AVENUE, ENCINITAS, CA 92024",33.02576,-117.2773,"ENCINITAS",1,0,2022
22104384,2022-01-30,14:50:00,"BICYCLE","BICYCLIST","CARMEL VALLEY ROAD & SCL Via Mar Valle, SAN DIEGO, CA 92014",32.93901,-117.25809,"SAN DIEGO",1,0,2022
22104384,2022-01-30,14:50:00,"BICYCLE","DRIVER","CARMEL VALLEY ROAD & SCL Via Mar Valle, SAN DIEGO, CA 92014",32.93901,-117.25809,"SAN DIEGO",1,0,2022
22104709,2022-02-01,12:03:00,"BICYCLE","DRIVER","N EL CAMINO REAL & LA ENTRADA LANE, ENCINITAS, CA 92024",33.05751,-117.26275,"ENCINITAS",0,0,2022
22104918,2022-02-03,01:00:00,"BICYCLE","BICYCLIST","500 BLOCK S COAST HIGHWAY#101, ENCINITAS, CA 92024",33.04586,-117.29384,"ENCINITAS",1,0,2022
NA,NA,NA,NA,NA,NA,NA,NA,NA,NA,NA,NA
22105970,2022-02-09,15:02:00,"BICYCLE","DRIVER","SANTA FE DRIVE & NARDO ROAD, ENCINITAS, CA 92024",33.03626,-117.27722,"ENCINITAS",1,0,2022
22106180,2022-02-10,16:22:00,"BICYCLE","DRIVER","1300 BLOCK S COAST HIGHWAY#101, ENCINITAS, CA 92024",33.03504,-117.2914,"ENCINITAS",2,0,2022
22106180,2022-02-10,16:22:00,"BICYCLE","PASSENGER","1300 BLOCK S COAST HIGHWAY#101, ENCINITAS, CA 92024",33.03504,-117.2914,"ENCINITAS",2,0,2022
22106962,2022-02-15,14:45:00,"BICYCLE","DRIVER","VILLA CARDIFF DRIVE & NOLBEY STREET, ENCINITAS, CA 92024",33.02851,-117.27554,"ENCINITAS",1,0,2022
22108626,2022-02-26,12:33:00,"BICYCLE","BICYCLIST","N HIGHWAY & Lomas Santa Fe, SOLANA BEACH, CA 92075",32.9957,-117.25474,"SOLANA BEACH",0,1,2022
22108626,2022-02-26,12:33:00,"BICYCLE","DRIVER","N HIGHWAY & Lomas Santa Fe, SOLANA BEACH, CA 92075",32.9957,-117.25474,"SOLANA BEACH",0,1,2022
22109841,2022-03-05,22:49:00,"BICYCLE","BICYCLIST","HERMES AVENUE & LEUCADIA BOULEVARD, ENCINITAS, CA 92024",33.06528,-117.28215,"ENCINITAS",1,0,2022
22109841,2022-03-05,22:49:00,"BICYCLE","PARKED VEHICLE OCCUPANT","HERMES AVENUE & LEUCADIA BOULEVARD, ENCINITAS, CA 92024",33.06528,-117.28215,"ENCINITAS",1,0,2022
22109905,2022-03-06,14:01:00,"BICYCLE","BICYCLIST","S COAST HIGHWAY & Chesterfield AVENUE, ENCINITAS, CA 92024",33.04553,-117.2938,"ENCINITAS",0,0,2022
NA,NA,NA,NA,NA,NA,NA,NA,NA,NA,NA,NA
22110099,2022-03-07,16:05:00,"BICYCLE","BICYCLIST","N HIGHWAY & Plaza STREET, SOLANA BEACH, CA 92075",32.99162,-117.27306,"SOLANA BEACH",1,0,2022
22111344,2022-03-15,07:45:00,"BICYCLE","BICYCLIST","EVERGREEN DRIVE & SANTA FE DRIVE, ENCINITAS, CA 92024",33.03627,-117.27067,"ENCINITAS",1,0,2022
22111409,2022-03-15,13:38:00,"BICYCLE","BICYCLIST","LOMAS SANTA FE & Garden View ROAD, ENCINITAS, CA 92024",33.06448,-117.26716,"ENCINITAS",1,0,2022
22111795,2022-03-17,17:42:00,"BICYCLE","DRIVER","BEECHTREE DRIVE & ENCINITAS BOULEVARD, ENCINITAS, CA 92024",33.04604,-117.26243,"ENCINITAS",1,0,2022
22111867,2022-03-18,07:37:00,"BICYCLE","DRIVER","SANTA FE DRIVE & MACKINNON AVENUE, ENCINITAS, CA 92024",33.03626,-117.27722,"ENCINITAS",1,0,2022
22111871,2022-03-18,07:45:00,"BICYCLE","BICYCLIST","MACKINNON AVENUE & MUNEVAR ROAD, ENCINITAS, CA 92024",33.03442,-117.27723,"ENCINITAS",1,0,2022
22111871,2022-03-18,07:45:00,"BICYCLE","DRIVER","MACKINNON AVENUE & MUNEVAR ROAD, ENCINITAS, CA 92024",33.03442,-117.27723,"ENCINITAS",1,0,2022
NA,NA,NA,NA,NA,NA,NA,NA,NA,NA,NA,NA
22114022,2022-03-31,07:34:00,"BICYCLE","BICYCLIST","DELPHINIUM STREET & TEABERRY STREET, ENCINITAS, CA 92024",33.04968,-117.27562,"ENCINITAS",1,0,2022
NA,NA,NA,NA,NA,NA,NA,NA,NA,NA,NA,NA
22114985,2022-04-06,14:08:00,"BICYCLE","BICYCLIST","JIMMY DURANTE BOULEVARD & DAVID WAY, DEL MAR, CA 92014",32.96829,-117.26498,"DEL MAR",1,0,2022
NA,NA,NA,NA,NA,NA,NA,NA,NA,NA,NA,NA
NA,NA,NA,NA,NA,NA,NA,NA,NA,NA,NA,NA
NA,NA,NA,NA,NA,NA,NA,NA,NA,NA,NA,NA
22116344,2022-04-14,15:41:00,"BICYCLE","DRIVER","439 SANTA FE DRIVE, ENCINITAS, CA 92007",33.03622,-117.2833,"ENCINITAS",0,0,2022
NA,NA,NA,NA,NA,NA,NA,NA,NA,NA,NA,NA
NA,NA,NA,NA,NA,NA,NA,NA,NA,NA,NA,NA
NA,NA,NA,NA,NA,NA,NA,NA,NA,NA,NA,NA
NA,NA,NA,NA,NA,NA,NA,NA,NA,NA,NA,NA
NA,NA,NA,NA,NA,NA,NA,NA,NA,NA,NA,NA
22122209,2022-05-21,10:49:00,"BICYCLE","BICYCLIST","ENCINITAS BOULEVARD & PRINCEHOUSE LANE, ENCINITAS, CA 92024",33.04785,-117.27294,"ENCINITAS",1,0,2022
22122375,2022-05-22,13:50:00,"BICYCLE","BICYCLIST","EOLUS AVENUE & NCL E Glaucus STREET, ENCINITAS, CA 92024",33.07246,-117.29654,"ENCINITAS",2,0,2022
22122375,2022-05-22,13:50:00,"BICYCLE","PASSENGER","EOLUS AVENUE & NCL E Glaucus STREET, ENCINITAS, CA 92024",33.07246,-117.29654,"ENCINITAS",2,0,2022
22123295,2022-05-27,16:30:00,"BICYCLE","BICYCLIST","CANYON DRIVE & WCL of 644 Canyon Drive, SOLANA BEACH, CA 92075",33.00217,-117.26082,"SOLANA BEACH",1,0,2022
NA,NA,NA,NA,NA,NA,NA,NA,NA,NA,NA,NA
NA,NA,NA,NA,NA,NA,NA,NA,NA,NA,NA,NA
22124882,2022-06-07,08:05:00,"BICYCLE","BICYCLIST","GASCONY ROAD & CAPRI ROAD, ENCINITAS, CA 92024",33.08013,-117.28859,"ENCINITAS",2,0,2022
22124882,2022-06-07,08:05:00,"BICYCLE","PASSENGER","GASCONY ROAD & CAPRI ROAD, ENCINITAS, CA 92024",33.08013,-117.28859,"ENCINITAS",2,0,2022
NA,NA,NA,NA,NA,NA,NA,NA,NA,NA,NA,NA
NA,NA,NA,NA,NA,NA,NA,NA,NA,NA,NA,NA
NA,NA,NA,NA,NA,NA,NA,NA,NA,NA,NA,NA
NA,NA,NA,NA,NA,NA,NA,NA,NA,NA,NA,NA
22129407,2022-07-05,07:36:00,"BICYCLE","BICYCLIST","E CLIFF STREET & GLENMONT DRIVE, SOLANA BEACH, CA 92075",32.99673,-117.26753,"SOLANA BEACH",1,0,2022
22130144,2022-07-09,10:15:00,"BICYCLE","DRIVER","1200 CAMINO DEL MAR , DEL MAR, CA 92014",32.95657,-117.26425,"DEL MAR",1,0,2022
22130815,2022-07-13,16:47:00,"BICYCLE","BICYCLIST","VIA DE LA VALLE & of the WCL of Pimlico DRIVE, DEL MAR, CA 92014",32.98016,-117.26026,"DEL MAR",1,0,2022
22130815,2022-07-13,16:47:00,"BICYCLE","DRIVER","VIA DE LA VALLE & of the WCL of Pimlico DRIVE, DEL MAR, CA 92014",32.98016,-117.26026,"DEL MAR",1,0,2022
22130823,2022-07-13,17:57:00,"BICYCLE","DRIVER","CAM DEL MAR & SCL of 15th STREET, DEL MAR, CA 92014",32.95953,-117.26559,"DEL MAR",1,0,2022
22130965,2022-07-14,12:24:00,"BICYCLE","BICYCLIST","N COAST HIGHWAY & Grandview STREET, ENCINITAS, CA 92024",33.07598,-117.30765,"ENCINITAS",1,0,2022
22131812,2022-07-19,20:05:00,"BICYCLE","BICYCLIST","CAMINO DEL MAR & CARMEL VALLEY ROAD, DEL MAR, CA 92014",32.94029,-117.26113,"DEL MAR",1,0,2022
22132287,2022-07-22,15:57:00,"BICYCLE","BICYCLIST","ENCINITAS BOULEVARD & Chevron Parking Lot, ENCINITAS, CA 92024",33.04825,-117.28401,"ENCINITAS",1,0,2022
22133025,2022-07-27,12:33:00,"BICYCLE","BICYCLIST","ENCINITAS BOULEVARD & SAXONY ROAD, ENCINITAS, CA 92024",33.04825,-117.28554,"ENCINITAS",1,0,2022
22133219,2022-07-28,15:01:00,"BICYCLE","DRIVER","GARDEN VIEW ROAD & GARDEN VIEW ROAD, ENCINITAS, CA 92024",33.06448,-117.26716,"ENCINITAS",1,0,2022
22133249,2022-07-28,19:30:00,"BICYCLE","BICYCLIST","COAST BOULEVARD & NCL of 19th STREET, DEL MAR, CA 92014",32.96474,-117.26735,"DEL MAR",1,0,2022
NA,NA,NA,NA,NA,NA,NA,NA,NA,NA,NA,NA
NA,NA,NA,NA,NA,NA,NA,NA,NA,NA,NA,NA
22135420,2022-08-10,13:00:00,"BICYCLE","DRIVER","ENCINITAS BOULEVARD & QUAIL DRIVE, ENCINITAS, CA 92024",33.04743,-117.28288,"ENCINITAS",0,0,2022
22135619,2022-08-12,01:17:00,"BICYCLE","BICYCLIST","N COAST HIGHWAY & SCL of El Portal STREET, ENCINITAS, CA 92024",33.05641,-117.29909,"ENCINITAS",1,0,2022
22135730,2022-08-12,17:31:00,"BICYCLE","BICYCLIST","S COAST HIGHWAY & Ki's Restaurant DRIVEWAY, ENCINITAS, CA 92024",33.01245,-117.2792,"ENCINITAS",1,0,2022
22136975,2022-08-20,14:20:00,"BICYCLE","BICYCLIST","N EL CAMINO REAL & VIA MONTORO, ENCINITAS, CA 92024",33.0529,-117.26133,"ENCINITAS",1,0,2022
22138089,2022-08-27,07:52:00,"BICYCLE","BICYCLIST","0 S COAST HWY 101 2800 BLOCK , ENCINITAS, CA 92024",33.04888,-117.29418,"ENCINITAS",2,0,2022
22138089,2022-08-27,07:52:00,"BICYCLE","PEDESTRIAN","0 S COAST HWY 101 2800 BLOCK , ENCINITAS, CA 92024",33.04888,-117.29418,"ENCINITAS",2,0,2022
22139021,2022-09-01,18:03:00,"BICYCLE","BICYCLIST","S COAST HIGHWAY & Ocean STREET, ENCINITAS, CA 92024",33.04553,-117.2938,"ENCINITAS",1,0,2022
22140046,2022-09-07,17:27:00,"BICYCLE","BICYCLIST","STRATFORD DRIVE & Private Driveway of 530 Stratford DRIVE, ENCINITAS, CA 92024",33.04583,-117.28717,"ENCINITAS",1,0,2022
NA,NA,NA,NA,NA,NA,NA,NA,NA,NA,NA,NA
22140666,2022-09-11,18:20:00,"BICYCLE","DRIVER","VIA DE LA VALLE & DEL MAR DOWNS ROAD, SOLANA BEACH, CA 92075",32.98043,-117.26194,"SOLANA BEACH",0,0,2022
22140671,2022-09-11,18:35:00,"BICYCLE","BICYCLIST","LOMAS SANTA FE DRIVE & On-Ramp to S/B, SOLANA BEACH, CA 92075",32.99578,-117.25511,"SOLANA BEACH",1,0,2022
22141385,2022-09-15,20:58:00,"BICYCLE","BICYCLIST","ENCINITAS BOULEVARD & N VULCAN AVENUE, ENCINITAS, CA 92024",33.04886,-117.29298,"ENCINITAS",1,0,2022
22141385,2022-09-15,20:58:00,"BICYCLE","DRIVER","ENCINITAS BOULEVARD & N VULCAN AVENUE, ENCINITAS, CA 92024",33.04886,-117.29298,"ENCINITAS",1,0,2022
22142391,2022-09-21,10:15:00,"BICYCLE","BICYCLIST","335 N EL CAMINO REAL , ENCINITAS, CA 92024",33.05533,-117.26195,"ENCINITAS",1,0,2022
22142316,2022-09-21,15:00:00,"BICYCLE","BICYCLIST","VIA CANTEBRIA & SCL of Via Montoro, ENCINITAS, CA 92024",33.0529,-117.26733,"ENCINITAS",1,0,2022
NA,NA,NA,NA,NA,NA,NA,NA,NA,NA,NA,NA
22143238,2022-09-27,11:30:00,"BICYCLE","DRIVER","258 N EL CAMINO REAL , ENCINITAS, CA 92024",33.0518,-117.26096,"ENCINITAS",1,0,2022
22144733,2022-10-06,12:27:00,"BICYCLE","BICYCLIST","N HIGHWAY & Estrella STREET, SOLANA BEACH, CA 92075",32.99466,-117.27306,"SOLANA BEACH",1,0,2022
NA,NA,NA,NA,NA,NA,NA,NA,NA,NA,NA,NA
NA,NA,NA,NA,NA,NA,NA,NA,NA,NA,NA,NA
22145876,2022-10-13,08:18:00,"BICYCLE","BICYCLIST","900 BALOUR DRIVE, ENCINITAS, CA 92024",33.04048,-117.26845,"ENCINITAS",1,0,2022
22146052,2022-10-14,08:09:00,"BICYCLE","DRIVER","SEEMAN DRIVE & ENCINITAS BOULEVARD, ENCINITAS, CA 92024",33.04529,-117.26938,"ENCINITAS",0,0,2022
22146867,2022-10-19,12:10:00,"BICYCLE","BICYCLIST","MANCHESTER AVENUE & MACKINNON RANCH ROAD, ENCINITAS, CA 92024",33.01322,-117.27141,"ENCINITAS",1,0,2022
22148270,2022-10-27,17:02:00,"BICYCLE","BICYCLIST","S VULCAN AVENUE & SCL of Encinitas BOULEVARD, ENCINITAS, CA 92023",33.04886,-117.29298,"ENCINITAS",1,0,2022
NA,NA,NA,NA,NA,NA,NA,NA,NA,NA,NA,NA
NA,NA,NA,NA,NA,NA,NA,NA,NA,NA,NA,NA
22150961,2022-11-13,15:56:00,"BICYCLE","BICYCLIST","CHESTERFIELD DRIVE & SAN ELIJO AVENUE, ENCINITAS, CA 92007",33.01948,-117.28162,"ENCINITAS",1,0,2022
NA,NA,NA,NA,NA,NA,NA,NA,NA,NA,NA,NA
22151245,2022-11-15,11:04:00,"BICYCLE","DRIVER","BIRMINGHAM DRIVE & NEWCASTLE AVENUE, ENCINITAS, CA 92007",33.02315,-117.28254,"ENCINITAS",1,0,2022
22151612,2022-11-17,09:00:00,"BICYCLE","DRIVER","BALOUR DRIVE & ENCINITAS BOULEVARD, ENCINITAS, CA 92024",33.04561,-117.26835,"ENCINITAS",1,0,2022
22152793,2022-11-25,16:08:00,"BICYCLE","BICYCLIST","PRIVATE DRIVEWAY TO LAZY ACRES' PARKING LOT & Encinitas BOULEVARD, ENCINITAS, CA 92024",33.04971,-117.28925,"ENCINITAS",1,0,2022
22152793,2022-11-25,16:08:00,"BICYCLE","PASSENGER","PRIVATE DRIVEWAY TO LAZY ACRES' PARKING LOT & Encinitas BOULEVARD, ENCINITAS, CA 92024",33.04971,-117.28925,"ENCINITAS",1,0,2022
